model_name,feature_set,threshold,pr_auc,roc_auc,precision,recall,f1,f2,true_negatives,false_positives,false_negatives,true_positives,false_positive_rate
Random Forest,final_no_legacy_flag,0.75,0.9997917196604756,0.9999921142999258,1.0,0.9993279569892473,0.9996638655462184,0.9994622933189945,1576313,0,3,4461,0.0
HistGradientBoosting + isFlaggedFraud benchmark,benchmark_with_legacy_flag,0.9997140574742467,0.999386669432992,0.9999640796264497,1.0,0.9762544802867383,0.987984583994559,0.9809129377869812,1576313,0,106,4358,0.0
HistGradientBoosting,final_no_legacy_flag,0.9997140574742467,0.999386669432992,0.9999640796264497,1.0,0.9762544802867383,0.987984583994559,0.9809129377869812,1576313,0,106,4358,0.0
Logistic Regression,final_no_legacy_flag,1.0,0.013825013239680018,0.8989956309438545,0.013825013239680018,1.0,0.027272977208368843,0.06550276009614114,1257884,318429,0,4464,0.20200873811229114
Decision Tree,final_no_legacy_flag,0.01,0.002823927726681246,0.5,0.002823927726681246,1.0,0.005631951230128416,0.013961928722852587,0,1576313,0,4464,1.0
