review_rate,reviewed_transactions,fraud_captured,precision_at_k,recall_at_k,lift_vs_random
0.001,1581,1581,1.0,0.3541666666666667,354.11671146953404
0.005,7904,4463,0.5646508097165992,0.9997759856630825,199.95228786545172
0.01,15808,4463,0.2823254048582996,0.9997759856630825,99.97614393272586
0.05,79039,4464,0.05647844734877719,1.0,19.999962044054204
